"rules","support","confidence","lift"
"{F2} => {A2}",0.750462107208872,0.90625,1.00673767967146
"{A2} => {F2}",0.750462107208872,0.833675564681725,1.00673767967146
"{A2} => {R2}",0.726432532347505,0.806981519507187,0.999032041312101
"{R2} => {A2}",0.726432532347505,0.899313501144165,0.999032041312101
"{G2} => {A2}",0.744916820702403,0.897550111358575,0.997073121652955
"{A2} => {G2}",0.744916820702403,0.827515400410678,0.997073121652954
